'P1','18/5/2018 Noon','18/5/2018 Morning','17/5/2018 Noon'
'P2','18/5/2018 Noon','18/5/2018 Morning','17/5/2018 Noon'
'P3','16/5/2018 Noon','18/5/2018 Noon','17/5/2018 Afternoon'
'P4',,,
'P5',,,
'P6',,,
'P7',,,
'P8','18/5/2018 Morning','15/5/2018 Morning','17/5/2018 Noon'
'P9','18/5/2018 Morning','15/5/2018 Morning','14/5/2018 Noon'
'P10','18/5/2018 Afternoon','18/5/2018 Noon','18/5/2018 Morning'
'P11','11/5/2018 Morning','16/5/2018 Morning','15/5/2018 Morning'
'P12',,,
'P13','13/5/2018 Noon','13/5/2018 Afternoon','13/5/2018 Morning'
'P14','13/5/2018 Afternoon','13/5/2018 Noon','18/5/2018 Noon'
'P15','13/5/2018 Noon','13/5/2018 Afternoon','13/5/2018 Morning'
'P16',,,
'P17',,,
'P18',,,
'P19',,,
'P20','14/5/2018 Noon','14/5/2018 Afternoon','18/5/2018 Noon'
'P21','14/5/2018 Noon','14/5/2018 Afternoon','18/5/2018 Noon'
'P22','14/5/2018 Noon','18/5/2018 Noon','18/5/2018 Afternoon'
'P23','14/5/2018 Morning','14/5/2018 Noon','17/5/2018 Afternoon'
'P24','15/5/2018 Afternoon','16/5/2018 Afternoon','10/5/2018 Afternoon'
'P25','15/5/2018 Afternoon','16/5/2018 Afternoon','10/5/2018 Afternoon'
'P26','16/5/2018 Afternoon','10/5/2018 Afternoon','17/5/2018 Morning'
'P27',,,
'J1',,,
'J2',,,
'J3',,,
'J4',,,
'J5',,,
'J6',,,
'J7','16/5/2018 Noon','17/5/2018 Noon','15/5/2018 Noon'
'J8','17/5/2018 Noon','15/5/2018 Noon','14/5/2018 Noon'
'J9',,,
'J10','10/5/2018 Afternoon','11/5/2018 Afternoon','8/5/2018 Afternoon'
'J11',,,
'J12',,,
'J13',,,
'J14',,,
'J15',,,
'J16',,,
'J17',,,
'J18','16/5/2018 Noon','15/5/2018 Noon','17/5/2018 Noon'
'J19','17/5/2018 Afternoon','17/5/2018 Noon','15/5/2018 Noon'
'J20',,,
'J21','10/5/2018 Noon','18/5/2018 Morning','17/5/2018 Morning'
'J22','10/5/2018 Noon','15/5/2018 Noon','17/5/2018 Morning'
'J23',,,
'J24',,,
'J25',,,
'J26','18/5/2018 Afternoon','18/5/2018 Noon','18/5/2018 Morning'
'J27','10/5/2018 Afternoon','17/5/2018 Afternoon','10/5/2018 Noon'
'J28',,,
'J29',,,
'J30','9/5/2018 Afternoon','11/5/2018 Afternoon','16/5/2018 Afternoon'
'J31',,,
'J32',,,
'J33',,,
'J34',,,
'J35',,,
'J36',,,
'J37',,,
'J38',,,
'J39','18/5/2018 Noon','17/5/2018 Afternoon','16/5/2018 Morning'
'J40',,,
'J41','16/5/2018 Noon','17/5/2018 Noon','18/5/2018 Noon'
'J42',,,
'J43','14/5/2018 Morning','14/5/2018 Noon','18/5/2018 Morning'
'J44',,,
'J45',,,
'J46',,,
'J47','13/5/2018 Morning','15/5/2018 Afternoon','9/5/2018 Afternoon'
'J48','13/5/2018 Morning','15/5/2018 Afternoon','9/5/2018 Afternoon'
'J49',,,
'S1',,,
'S2',,,
'S3',,,
'S4',,,
'S5','17/5/2018 Noon','15/5/2018 Noon','14/5/2018 Noon'
'S6','17/5/2018 Afternoon','17/5/2018 Noon','15/5/2018 Noon'
'S7',,,
'S8',,,
'S9','13/5/2018 Afternoon','18/5/2018 Morning','11/5/2018 Noon'
'S10',,,
'S11',,,
'S12',,,
'S13',,,
'S14',,,
'S15',,,
'S16','14/5/2018 Morning','14/5/2018 Noon','17/5/2018 Morning'
'S17',,,
'S18','8/5/2018 Afternoon','9/5/2018 Afternoon','16/5/2018 Afternoon'
'S19',,,
'S20',,,
